id,type,E,N,lon,lat,RTK_set
GCP01,GCP,611486.1,3924022.3,52.2285284,35.4534335,yes
GCP02,GCP,613306.5,3922902.8,52.2484283,35.4431353,yes
GCP03,GCP,612734.1,3924037.8,52.2422801,35.4534317,yes
GCP04,GCP,612079.1,3922888.7,52.2349055,35.443147,yes
GCP05,GCP,613297.6,3923627.1,52.2484306,35.4496658,yes
GCP06,GCP,612155.8,3923658.3,52.2358558,35.4500766,yes
GCP07,GCP,612755.8,3923258.3,52.2424104,35.4464029,yes
GCP08,GCP,611655.8,3923558.3,52.2303337,35.4492314,yes
GCP09,GCP,613222.1,3924043.8,52.2476565,35.4534306,
GCP10,GCP,612567.1,3922894.3,52.2402813,35.4431425,
GCP11,GCP,612255.8,3923258.3,52.2369023,35.4464594,
GCP12,GCP,612002.2,3924028.7,52.2342154,35.4534329,
GCP13,GCP,612555.8,3923658.3,52.2402625,35.4500314,
GCP14,GCP,613155.8,3923258.3,52.246817,35.4463574,
GCP15,GCP,612368.2,3924033.2,52.2382477,35.4534324,
GCP16,GCP,612933.0,3922898.5,52.2443131,35.443139,
GCP17,GCP,612955.8,3923758.3,52.2446831,35.4508875,
GCP18,GCP,611755.8,3923858.3,52.2314765,35.4519246,
GCP19,GCP,612955.8,3923458.3,52.2446415,35.4481831,
GCP20,GCP,612323.1,3922891.5,52.2375934,35.4431448,
CHK01,Check,612978.1,3924040.8,52.2449683,35.4534312,
CHK02,Check,611555.8,3923758.3,52.2292594,35.4510456,
CHK03,Check,611855.8,3923658.3,52.2325508,35.4501104,
CHK04,Check,612355.8,3923458.3,52.2380315,35.4482511,
CHK05,Check,612355.8,3923758.3,52.238073,35.4509555,
CHK06,Check,612455.8,3923158.3,52.2390917,35.4455354,
